Civilité;Prenom;Nom;Societe;Site;Departement;Service;fonction;Manager-Prenom;Manager-Nom;Nom de PC;Marque PC;Date de naissance;Telephone fixe;Telephone portable
M.;Amir;Boussaid;EcoTechSolutions;Bordeaux;Communication;Communication externe;Attaché de presse;Yassine;Ben Salah;PA68403;DELL;01/09/1986;0502733363;0617097066
M.;Brahim;El-Mahdi;EcoTechSolutions;Bordeaux;Communication;Communication externe;Chargé de communication;Yassine;Ben Salah;PA68407;DELL;10/08/1986;0564793027;0604939773
Mme;Elisa;Costa;EcoTechSolutions;Bordeaux;Communication;Communication externe;Chargé de communication;Yassine;Ben Salah;PA68406;DELL;02/01/1999;0557284079;0756367380
Mme;Indira;Benzema;EcoTechSolutions;Bordeaux;Communication;Communication externe;Attaché de presse;Yassine;Ben Salah;PA68402;DELL;24/10/1998;0518483082;0716843840
M.;Ismail;Saidi;EcoTechSolutions;Bordeaux;Communication;Communication externe;Attaché de presse;Yassine;Ben Salah;PA68401;DELL;04/02/1996;0508700601;0670226412
Mme;Lucie;Da Silva;EcoTechSolutions;Bordeaux;Communication;Communication externe;Attaché de presse;Yassine;Ben Salah;PA68404;DELL;24/02/1982;0565888769;0642725379
Mme;Luna;Oliveira;EcoTechSolutions;Bordeaux;Communication;Communication externe;Chargé de communication;Yassine;Ben Salah;PA68408;DELL;11/02/2000;0552336590;0717351849
Mme;Naomi;Rahmani;EcoTechSolutions;Bordeaux;Communication;Communication externe;Attaché de presse;Yassine;Ben Salah;PA68400;DELL;01/07/2004;0578804336;0615129028
M.;Rayane;Hamrouni;EcoTechSolutions;Bordeaux;Communication;Communication externe;Chargé de communication;Yassine;Ben Salah;PA68405;DELL;15/04/2001;0543237396;0657675917
M.;Tayeb;Boucenna;EcoTechSolutions;Bordeaux;Communication;Communication externe;Chargé de communication;Yassine;Ben Salah;PA68409;DELL;04/12/1997;0530790436;0713430879
M.;Boris;Garcia;EcoTechSolutions;Bordeaux;Communication;Communication interne;Community manager;Yassine;Ben Salah;PA11094;DELL;01/01/1991  ;0576543210;0710630503  
Mme;Cleo;Dupont;EcoTechSolutions;Bordeaux;Communication;Communication interne;Community manager;Yassine;Ben Salah;PA19149;DELL;14/05/1989  ;0556789012;0736672209  
M.;Felix;Nguyen;EcoTechSolutions;Bordeaux;Communication;Communication interne;Chargé en droit de la communication;Yassine;Ben Salah;PA88356;DELL;03/11/1982  ;0512345678;0747070420  
M.;Oscar;Rossi;EcoTechSolutions;Bordeaux;Communication;Communication interne;Chargé de communication;Yassine;Ben Salah;PA10218;DELL;17/06/1993  ;0510987654;0707561174  
Mme;Greta;Kobayashi;EcoTechSolutions;Bordeaux;Communication;Événementiel;Chef de projet événement;Amaya;Gomez;PA68389;DELL;28/05/2000;0551444034;0604125070
Mme;Mei;Zhou;EcoTechSolutions;Bordeaux;Communication;Événementiel;Chef de projet événement;Amaya;Gomez;PA68391;DELL;27/08/1981;0527668664;0657945686
Mme;Nina;Dobrev;EcoTechSolutions;Bordeaux;Communication;Événementiel;Chef de projet événement;Amaya;Gomez;PA68393;DELL;10/09/2002;0500483037;0717402561
M.;Rami;Farouk;EcoTechSolutions;Bordeaux;Communication;Événementiel;Chef de projet événement;Amaya;Gomez;PA68392;DELL;26/10/2001;0553708065;0796090098
M.;Tenzin;Schneider;EcoTechSolutions;Bordeaux;Communication;Événementiel;Chef de projet événement;Amaya;Gomez;PA68390;DELL;18/01/1995;0550060713;0665924358
Mme;Elina;Rahimi;EcoTechSolutions;Bordeaux;Communication;Gestion des réseaux sociaux;Community manager;Amaya;Gomez;PA68395;DELL;17/10/2005;0511035281;0706560943
M.;Nassim;Kowalski;EcoTechSolutions;Bordeaux;Communication;Gestion des réseaux sociaux;Social media manager;Amaya;Gomez;PA68398;DELL;28/03/2003;0520767555;0732866706
M.;Omar;Schneider;EcoTechSolutions;Bordeaux;Communication;Gestion des réseaux sociaux;Community manager;Amaya;Gomez;PA68396;DELL;14/08/2002;0569019882;0650302708
M.;Sakura;Hernandez;EcoTechSolutions;Bordeaux;Communication;Gestion des réseaux sociaux;Social media manager;Amaya;Gomez;PA68399;DELL;04/08/1991;0525993955;0747444472
M.;Ali;Al-Khalil;EcoTechSolutions;Bordeaux;Communication;Relation Médias;Chargée relation presse;Amaya;Gomez;PA68388;DELL;08/10/1999;0504643002;0754169972
Mme;Camila;Vasquez;Studio Dlight;Nantes;Communication;Relation Médias;Monteur;Amaya;Gomez;-;-;-;-;0763951953
Mme;Farah;Kowalski;EcoTechSolutions;Bordeaux;Communication;Relation Médias;Chargée relation presse;Amaya;Gomez;PA99009;DELL;16/11/1994  ;0587654321;0643567057  
M.;Hedi;Azzouz;EcoTechSolutions;Bordeaux;Communication;Relation Médias;Rédacteur;Amaya;Gomez;PA68411;DELL;19/10/1982;0580541143;0734964449
Mme;Isidora;Fontaine;EcoTechSolutions;Bordeaux;Communication;Relation Médias;Rédacteur;Amaya;Gomez;PA68412;DELL;10/08/1998;0582677934;0709554542
M.;Ivan;Schmidt;Studio Dlight;Nantes;Communication;Relation Médias;Monteur;Amaya;Gomez;-;-;-;-;0684213048
Mme;Lucia;Romano;EcoTechSolutions;Bordeaux;Communication;Relation Médias;Chargée relation presse;Amaya;Gomez;PA68387;DELL;01/07/2001;0592945254;0754927345
M.;Paolo;Weber;EcoTechSolutions;Bordeaux;Communication;Relation Médias;Rédacteur;Amaya;Gomez;PA92969;DELL;17/11/1992  ;0532109876;0655605121  
M.;Rayan;Sousa;EcoTechSolutions;Bordeaux;Communication;Relation Médias;Chargée relation presse;Amaya;Gomez;PA76764;DELL;10/08/1988  ;0534567890;0732836175  
M.;Tahar;Ben Youssef;EcoTechSolutions;Bordeaux;Communication;Relation Médias;Chargée relation presse;Amaya;Gomez;PA68386;DELL;25/07/1994;0503446393;0775310960
M.;Yassir;Chettouh;EcoTechSolutions;Bordeaux;Communication;Relation Médias;Rédacteur;Amaya;Gomez;PA68413;DELL;22/11/2021;0530881211;0718630944
Mme;Zahra;Andersen;EcoTechSolutions;Bordeaux;Communication;Relation Médias;Rédacteur;Amaya;Gomez;PA68414;DELL;22/08/2001;0565675635;0690181131
Mme;Amaya;Gomez;EcoTechSolutions;Bordeaux;Communication;;Responsable Médias;Wassim;Ibrahimovic;PA68397;DELL;26/04/1982;0582138883;0767925899
M.;Wassim;Ibrahimovic;EcoTechSolutions;Bordeaux;Communication;;Directeur Communication et Relations publiques;Emir;Rizzo;PA68385;DELL;14/11/1994  ;0567890123;0628752957  
M.;Yassine;Ben Salah;EcoTechSolutions;Bordeaux;Communication;;Responsable communication;Wassim;Ibrahimovic;PA68394;DELL;12/03/1993;0536800870;0619768244
Mme;Aisha;Rahman;EcoTechSolutions;Bordeaux;Développement;Analyse et conception;Développeur;Hugo;Dimitrov;PA41987;HP;12/05/2000;0581444847;0789950292
Mme;Carmen;Ivanov;EcoTechSolutions;Bordeaux;Développement;Analyse et conception;Développeur;Hugo;Dimitrov;PA90613;HP;25/02/1991;0589104085;0676794851
Mme;Fatima;Gonzalez;EcoTechSolutions;Bordeaux;Développement;Analyse et conception;Développeur;Hugo;Dimitrov;PA90617;LENOVO;25/08/1995;0550030374;0622571017
Mme;Kenzo;Yamamoto;EcoTechSolutions;Bordeaux;Développement;Analyse et conception;Développeur;Hugo;Dimitrov;PA90619;LENOVO;06/01/2004;0558468340;0735169716
Mme;Layla;Bakir;EcoTechSolutions;Bordeaux;Développement;Analyse et conception;Développeur;Hugo;Dimitrov;PA90615;LENOVO;26/07/1984;0506817361;0613117291
M.;Leo;Petrov;EcoTechSolutions;Bordeaux;Développement;Analyse et conception;Développeur;Hugo;Dimitrov;PA90614;TOSHIBA;26/03/2007;0568939104;0752647494
M.;Mateo;El-Ghazali;EcoTechSolutions;Bordeaux;Développement;Analyse et conception;Développeur;Hugo;Dimitrov;PA90616;TOSHIBA;29/07/1980;0561840744;0790774458
M.;Raouf;Ben Amar;EcoTechSolutions;Bordeaux;Développement;Analyse et conception;Développeur;Hugo;Dimitrov;PA90618;TOSHIBA;13/04/1983;0580255055;0736820615
Mme;Amina;Mendoza;EcoTechSolutions;Bordeaux;Développement;Développement backend;Développeur;Hugo;Dimitrov;PA69050;HP;07/02/1984;0514839525;0676001123
Mme;Anika;Morel;EcoTechSolutions;Bordeaux;Développement;Développement backend;Développeur;Hugo;Dimitrov;PA69040;TOSHIBA;08/09/1995;0597150436;0708753874
M.;Arvid;Carvalho;EcoTechSolutions;Bordeaux;Développement;Développement backend;Développeur;Hugo;Dimitrov;PA69053;TOSHIBA;19/11/1992;0558547096;0722934589
Mme;Aya;Ishikawa;EcoTechSolutions;Bordeaux;Développement;Développement backend;Développeur;Hugo;Dimitrov;PA69044;TOSHIBA;28/02/1991;0535628667;0751583887
Mme;Chiara;Fischer;EcoTechSolutions;Bordeaux;Développement;Développement backend;Développeur;Hugo;Dimitrov;PA69038;HP;18/11/1987;0577873195;0772910626
M.;Elias;Lemoine;EcoTechSolutions;Bordeaux;Développement;Développement backend;Développeur;Hugo;Dimitrov;PA69045;LENOVO;03/09/1979;0550396977;0725010100
M.;Ismail;Rahmani;EcoTechSolutions;Bordeaux;Développement;Développement backend;Développeur;Hugo;Dimitrov;PA69043;LENOVO;06/03/1986;0574009943;0647974801
M.;Khaled;Bakir;EcoTechSolutions;Bordeaux;Développement;Développement backend;Développeur;Hugo;Dimitrov;PA69051;TOSHIBA;26/10/1991;0521722982;0742457942
M.;Leo;Karam;EcoTechSolutions;Bordeaux;Développement;Développement backend;Développeur;Hugo;Dimitrov;PA69041;LENOVO;29/05/2001;0545885392;0776883926
Mme;Mia;Lopez;EcoTechSolutions;Bordeaux;Développement;Développement backend;Développeur;Hugo;Dimitrov;PA69037;HP;18/06/1996;0528995123;0743204742
Mme;Mila;Petrov;EcoTechSolutions;Bordeaux;Développement;Développement backend;Développeur;Hugo;Dimitrov;PA69046;TOSHIBA;30/05/1978;0561675857;0725996399
Mme;Naomi;Ivanov;EcoTechSolutions;Bordeaux;Développement;Développement backend;Développeur;Hugo;Dimitrov;PA69052;LENOVO;15/07/2002;0577653988;0757149969
M.;Nizar;Rajavi;EcoTechSolutions;Bordeaux;Développement;Développement backend;Développeur;Hugo;Dimitrov;PA69049;HP;25/12/1997;0540286830;0704342065
M.;Oussama;Yamamoto;EcoTechSolutions;Bordeaux;Développement;Développement backend;Développeur;Hugo;Dimitrov;PA69039;HP;28/08/2001;0574660457;0689000684
Mme;Petra;Hoàng;EcoTechSolutions;Bordeaux;Développement;Développement backend;Développeur;Hugo;Dimitrov;PA90620;TOSHIBA;12/04/1991;0559691031;0657598646
Mme;Sakura;Abe;EcoTechSolutions;Bordeaux;Développement;Développement backend;Développeur;Hugo;Dimitrov;PA69048;HP;29/07/1981;0580539339;0690350755
Mme;Salma;Mohamed;EcoTechSolutions;Bordeaux;Développement;Développement backend;Développeur;Hugo;Dimitrov;PA69054;LENOVO;14/07/1979;0587397053;0691250889
M.;Teo;Patel;EcoTechSolutions;Bordeaux;Développement;Développement backend;Développeur;Hugo;Dimitrov;PA48530;LENOVO;16/10/2003;0543010839;0645594187
M.;Walid;Ndiaye;EcoTechSolutions;Bordeaux;Développement;Développement backend;Développeur;Hugo;Dimitrov;PA69047;LENOVO;07/10/1983;0539345838;0675345464
Mme;Yara;Velásquez;EcoTechSolutions;Bordeaux;Développement;Développement backend;Développeur;Hugo;Dimitrov;PA69042;TOSHIBA;20/07/1984;0522840809;0627589196
Mme;Adem;Farid;EcoTechSolutions;Bordeaux;Développement;Développement fronted;Développeur;Hugo;Dimitrov;PA69079;TOSHIBA;24/03/1988;0576975329;0653187858
Mme;Ali;Ali;EcoTechSolutions;Bordeaux;Développement;Développement fronted;Développeur;Hugo;Dimitrov;PA69085;TOSHIBA;03/08/1985;0554456171;0609964479
M.;Alicia;Amrane;EcoTechSolutions;Bordeaux;Développement;Développement fronted;Développeur;Hugo;Dimitrov;PA69113;HP;14/02/2002;0580601146;0763449946
M.;Amine;Öztürk;EcoTechSolutions;Bordeaux;Développement;Développement fronted;Développeur;Hugo;Dimitrov;PA69072;HP;02/06/1993;0593794103;0604733805
M.;Anika;Garcia;EcoTechSolutions;Bordeaux;Développement;Développement fronted;Développeur;Hugo;Dimitrov;PA69084;LENOVO;27/09/1991;0557736529;0625067389
M.;Aya;Traoré;EcoTechSolutions;Bordeaux;Développement;Développement fronted;Développeur;Hugo;Dimitrov;PA69080;LENOVO;18/12/1983;0559814465;0673516850
Mme;Aya;Papadopoulos;EcoTechSolutions;Bordeaux;Développement;Développement fronted;Développeur;Hugo;Dimitrov;PA69099;HP;16/09/1990;0568981940;0667747390
M.;Bilal;Hassan;EcoTechSolutions;Bordeaux;Développement;Développement fronted;Développeur;Hugo;Dimitrov;PA69090;TOSHIBA;09/07/1996;0574527610;0621785748
M.;Celia;Benguigui;EcoTechSolutions;Bordeaux;Développement;Développement fronted;Développeur;Hugo;Dimitrov;PA69119;TOSHIBA;23/01/1983;0514744893;0633513427
M.;Chiara;Rodriguez;EcoTechSolutions;Bordeaux;Développement;Développement fronted;Développeur;Hugo;Dimitrov;PA69086;LENOVO;09/04/2000;0556274023;0665466082
M.;Clara;Ziani;EcoTechSolutions;Bordeaux;Développement;Développement fronted;Développeur;Hugo;Dimitrov;PA69115;TOSHIBA;12/11/1991;0582453037;0720106403
M.;Dina;Abdeslam;EcoTechSolutions;Bordeaux;Développement;Développement fronted;Développeur;Hugo;Dimitrov;PA69117;TOSHIBA;19/03/1985;0582076804;0754379992
M.;Elias;Habibi;EcoTechSolutions;Bordeaux;Développement;Développement fronted;Développeur;Hugo;Dimitrov;PA69076;LENOVO;02/04/1979;0518440753;0743528471
Mme;Fares;Dias;EcoTechSolutions;Bordeaux;Développement;Développement fronted;Développeur;Hugo;Dimitrov;PA69116;LENOVO;28/11/1990;0596996174;0710081240
Mme;Fatima;Sato;EcoTechSolutions;Bordeaux;Développement;Développement fronted;Développeur;Hugo;Dimitrov;PA69062;TOSHIBA;21/10/1999;0529858278;0619835779
Mme;Fatima;Schmitt;EcoTechSolutions;Bordeaux;Développement;Développement fronted;Développeur;Hugo;Dimitrov;PA69107;TOSHIBA;11/12/1984;0559284808;0601636430
Mme;Greta;Lam;EcoTechSolutions;Bordeaux;Développement;Développement fronted;Développeur;Hugo;Dimitrov;PA69097;LENOVO;29/08/1995;0528239297;0796314157
M.;Hedi;Ziani;EcoTechSolutions;Bordeaux;Développement;Développement fronted;Développeur;Hugo;Dimitrov;PA69055;TOSHIBA;22/03/1987;0543765483;0715077946
Mme;Helda;Müller;EcoTechSolutions;Bordeaux;Développement;Développement fronted;Développeur;Hugo;Dimitrov;PA69120;LENOVO;08/01/1980;0519598682;0636157491
Mme;Hichem;Meunier;EcoTechSolutions;Bordeaux;Développement;Développement fronted;Développeur;Hugo;Dimitrov;PA69110;HP;03/06/1999;0517693166;0670136453
Mme;Indira;Singh;EcoTechSolutions;Bordeaux;Développement;Développement fronted;Développeur;Hugo;Dimitrov;PA69056;LENOVO;08/09/2001;0524835537;0601268764
Mme;Keiko;Zerouali;EcoTechSolutions;Bordeaux;Développement;Développement fronted;Développeur;Hugo;Dimitrov;PA69068;TOSHIBA;23/07/1995;0520414760;0665960107
M.;Keiko;Patel;EcoTechSolutions;Bordeaux;Développement;Développement fronted;Développeur;Hugo;Dimitrov;PA69078;LENOVO;12/12/1989;0507981644;0696201915
M.;Kenzo;Rahman;EcoTechSolutions;Bordeaux;Développement;Développement fronted;Développeur;Hugo;Dimitrov;PA69059;HP;05/09/1990;0533765657;0631791669
M.;Khaled;Andersson;EcoTechSolutions;Bordeaux;Développement;Développement fronted;Développeur;Hugo;Dimitrov;PA69092;TOSHIBA;25/07/1995;0587301516;0685540382
Mme;Lamia;El-Ghazali;EcoTechSolutions;Bordeaux;Développement;Développement fronted;Développeur;Hugo;Dimitrov;PA69060;HP;06/07/1978;0530774125;0762396379
M.;Leo;Velasquez;EcoTechSolutions;Bordeaux;Développement;Développement fronted;Développeur;Hugo;Dimitrov;PA69098;HP;09/01/2001;0558672751;0786598608
Mme;Lina;Nakamura;EcoTechSolutions;Bordeaux;Développement;Développement fronted;Développeur;Hugo;Dimitrov;PA69058;LENOVO;12/10/1981;0569517636;0709286381
Mme;Lina;Matsuda;EcoTechSolutions;Bordeaux;Développement;Développement fronted;Développeur;Hugo;Dimitrov;PA69103;TOSHIBA;04/12/2000;0541131306;0790062786
M.;Lina;Bouziane;EcoTechSolutions;Bordeaux;Développement;Développement fronted;Développeur;Hugo;Dimitrov;PA69111;HP;07/04/1991;0549958039;0619738848
Mme;Lucia;O'Brien;EcoTechSolutions;Bordeaux;Développement;Développement fronted;Développeur;Hugo;Dimitrov;PA69093;LENOVO;22/08/1990;0552786882;0660340794
M.;Mateo;Dahl;EcoTechSolutions;Bordeaux;Développement;Développement fronted;Développeur;Hugo;Dimitrov;PA69065;LENOVO;12/05/1985;0568230327;0789022918
M.;Mateo;Benitez;EcoTechSolutions;Bordeaux;Développement;Développement fronted;Développeur;Hugo;Dimitrov;PA69102;LENOVO;23/06/1990;0507023351;0747678849
Mme;Mehdi;Ferreira;EcoTechSolutions;Bordeaux;Développement;Développement fronted;Développeur;Hugo;Dimitrov;PA69118;LENOVO;29/12/1996;0572806093;0788340303
M.;Mei;Nguyen;EcoTechSolutions;Bordeaux;Développement;Développement fronted;Développeur;Hugo;Dimitrov;PA69082;LENOVO;24/12/2002;0552286371;0793444747
Mme;Mila;Müller;EcoTechSolutions;Bordeaux;Développement;Développement fronted;Développeur;Hugo;Dimitrov;PA69095;LENOVO;06/12/1990;0546070425;0728641211
Mme;Mina;Touati;EcoTechSolutions;Bordeaux;Développement;Développement fronted;Développeur;Hugo;Dimitrov;PA69071;HP;27/08/1986;0553194956;0745801423
Mme;Mira;Matsuda;EcoTechSolutions;Bordeaux;Développement;Développement fronted;Développeur;Hugo;Dimitrov;PA69077;TOSHIBA;31/10/1980;0527143617;0780901290
Mme;Mira;Boukhris;EcoTechSolutions;Bordeaux;Développement;Développement fronted;Développeur;Hugo;Dimitrov;PA69101;TOSHIBA;14/01/1981;0572287760;0784984812
Mme;Nael;Marquez;EcoTechSolutions;Bordeaux;Développement;Développement fronted;Développeur;Hugo;Dimitrov;PA69112;TOSHIBA;19/10/2001;0565680229;0743702406
M.;Nassim;Matsuda;EcoTechSolutions;Bordeaux;Développement;Développement fronted;Développeur;Hugo;Dimitrov;PA69067;LENOVO;22/04/1995;0530355920;0689043287
M.;Nizar;Matsuda;EcoTechSolutions;Bordeaux;Développement;Développement fronted;Développeur;Hugo;Dimitrov;PA69070;HP;29/05/1986;0558621640;0758767120
Mme;Noa;Svensson;EcoTechSolutions;Bordeaux;Développement;Développement fronted;Développeur;Hugo;Dimitrov;PA69108;LENOVO;13/02/1989;0531310252;0600144274
M.;Omar;Ochoa;EcoTechSolutions;Bordeaux;Développement;Développement fronted;Développeur;Hugo;Dimitrov;PA69057;TOSHIBA;18/02/1983;0543731838;0639090866
M.;Omar;Touati;EcoTechSolutions;Bordeaux;Développement;Développement fronted;Développeur;Hugo;Dimitrov;PA69096;TOSHIBA;11/05/1990;0576910690;0620033523
Mme;Oualid;Correia;EcoTechSolutions;Bordeaux;Développement;Développement fronted;Développeur;Hugo;Dimitrov;PA69114;HP;08/06/1979;0512070245;0694895404
M.;Oussama;Ziani;EcoTechSolutions;Bordeaux;Développement;Développement fronted;Développeur;Hugo;Dimitrov;PA69094;TOSHIBA;01/11/1999;0564949647;0745312296
M.;Rami;Moreno;EcoTechSolutions;Bordeaux;Développement;Développement fronted;Développeur;Hugo;Dimitrov;PA69088;HP;16/11/1996;0594159983;0671278069
M.;Rami;O'Connor;EcoTechSolutions;Bordeaux;Développement;Développement fronted;Développeur;Hugo;Dimitrov;PA69100;HP;27/11/1992;0579648487;0679195229
M.;Raouf;Kowalski;EcoTechSolutions;Bordeaux;Développement;Développement fronted;Développeur;Hugo;Dimitrov;PA69061;HP;03/06/1993;0509940486;0701363943
Mme;Sana;Hamadi;EcoTechSolutions;Bordeaux;Développement;Développement fronted;Développeur;Hugo;Dimitrov;PA69066;TOSHIBA;16/10/1989;0598620984;0719615638
Mme;Sana;Rajavi;EcoTechSolutions;Bordeaux;Développement;Développement fronted;Développeur;Hugo;Dimitrov;PA69089;HP;11/07/1980;0546664367;0770743195
Mme;Soraya;Amrani;EcoTechSolutions;Bordeaux;Développement;Développement fronted;Développeur;Hugo;Dimitrov;PA69069;LENOVO;21/12/1995;0571283181;0629056832
M.;Tahar;Ben Saïd;EcoTechSolutions;Bordeaux;Développement;Développement fronted;Développeur;Hugo;Dimitrov;PA69074;LENOVO;10/01/1989;0508461288;0757567403
Mme;Tenzin;Yamashita;EcoTechSolutions;Bordeaux;Développement;Développement fronted;Développeur;Hugo;Dimitrov;PA69087;HP;10/03/1992;0543737709;0741031601
Mme;Tessa;Romano;EcoTechSolutions;Bordeaux;Développement;Développement fronted;Développeur;Hugo;Dimitrov;PA69073;TOSHIBA;06/10/2001;0576998853;0765567898
M.;Tobias;Berisha;EcoTechSolutions;Bordeaux;Développement;Développement fronted;Développeur;Hugo;Dimitrov;PA69063;LENOVO;23/03/1986;0557140797;0647122370
Mme;Tobias;Wang;EcoTechSolutions;Bordeaux;Développement;Développement fronted;Développeur;Hugo;Dimitrov;PA69083;TOSHIBA;14/03/1995;0526701212;0689788805
M.;Walid;Fernandez;EcoTechSolutions;Bordeaux;Développement;Développement fronted;Développeur;Hugo;Dimitrov;PA69106;LENOVO;25/04/1994;0582808968;0621447826
Mme;Yara;Bianchi;EcoTechSolutions;Bordeaux;Développement;Développement fronted;Développeur;Hugo;Dimitrov;PA69105;TOSHIBA;02/04/1984;0534719974;0650967336
M.;Yasmine;Belmokhtar;EcoTechSolutions;Bordeaux;Développement;Développement fronted;Développeur;Hugo;Dimitrov;PA69109;HP;23/05/1983;0538262259;0627492218
Mme;Yassine;Habib;EcoTechSolutions;Bordeaux;Développement;Développement fronted;Développeur;Hugo;Dimitrov;PA69081;HP;10/05/2002;0521987889;0666153553
M.;Yassine;Vega;EcoTechSolutions;Bordeaux;Développement;Développement fronted;Développeur;Hugo;Dimitrov;PA69104;LENOVO;04/09/1986;0501181408;0694659492
Mme;Zahra;Gonzalez;EcoTechSolutions;Bordeaux;Développement;Développement fronted;Développeur;Hugo;Dimitrov;PA69064;TOSHIBA;11/04/1988;0526530588;0724960703
Mme;Zahra;Dahl;EcoTechSolutions;Bordeaux;Développement;Développement fronted;Développeur;Hugo;Dimitrov;PA69075;TOSHIBA;08/08/1990;0565902651;0640404230
Mme;Zayd;Slimani;EcoTechSolutions;Bordeaux;Développement;Développement fronted;Développeur;Hugo;Dimitrov;PA69091;LENOVO;27/03/1992;0588168669;0674574057
M.;Adem;Habibi;EcoTechSolutions;Bordeaux;Développement;Développement mobile;Développeur;Hugo;Dimitrov;PA69121;TOSHIBA;30/04/1990;0506262528;0695566507
M.;Bilal;Amrani;EcoTechSolutions;Bordeaux;Développement;Développement mobile;Développeur;Hugo;Dimitrov;PA69123;HP;28/07/1980;0568072545;0731463548
Mme;Layla;Klein;EcoTechSolutions;Bordeaux;Développement;Développement mobile;Développeur;Hugo;Dimitrov;PA69122;LENOVO;04/04/2001;0506604600;0711534321
Mme;Mira;Larsen;EcoTechSolutions;Bordeaux;Développement;Développement mobile;Développeur;Hugo;Dimitrov;PA69124;HP;27/04/1981;0515530998;0776425617
M.;Zayd;Gomez;EcoTechSolutions;Bordeaux;Développement;Développement mobile;Développeur;Hugo;Dimitrov;PA69125;TOSHIBA;21/04/1989;0505689902;0752842080
M.;Ahmed;Torres;EcoTechSolutions;Bordeaux;Développement;Recherche et Prototype;Développeur;Hugo;Dimitrov;PA82471;TOSHIBA;11/12/1995;0565476313;0689569342
M.;Amine;Habibi;EcoTechSolutions;Bordeaux;Développement;Recherche et Prototype;Développeur;Hugo;Dimitrov;PA82472;LENOVO;27/03/2000;0591658667;0724996980
M.;Bilel;Guedj;EcoTechSolutions;Bordeaux;Développement;Recherche et Prototype;Développeur;Hugo;Dimitrov;PA82477;LENOVO;04/01/1988;0544863210;0625139164
Mme;Célia;De la Cruz;EcoTechSolutions;Bordeaux;Développement;Recherche et Prototype;Développeur;Hugo;Dimitrov;PA82473;TOSHIBA;12/07/1989;0568628611;0608209508
M.;Kamel;Hamzaoui;EcoTechSolutions;Bordeaux;Développement;Recherche et Prototype;Développeur;Hugo;Dimitrov;PA82479;LENOVO;29/07/1981;0589749259;0708246187
M.;Kenzo;Mendoza;EcoTechSolutions;Bordeaux;Développement;Recherche et Prototype;Développeur;Hugo;Dimitrov;PA82476;LENOVO;07/05/1987;0542110363;0708892353
Mme;Lia;Prado;EcoTechSolutions;Bordeaux;Développement;Recherche et Prototype;Développeur;Hugo;Dimitrov;PA27339;LENOVO;22/10/1998;0593783903;0657452883
Mme;Mira;Novak;EcoTechSolutions;Bordeaux;Développement;Recherche et Prototype;Développeur;Hugo;Dimitrov;PA82478;LENOVO;07/01/1988;0500846696;0764270295
M.;Naomi;Larsen;EcoTechSolutions;Bordeaux;Développement;Recherche et Prototype;Développeur;Hugo;Dimitrov;PA82474;LENOVO;21/06/1990;0555844987;0670768275
Mme;Nassim;Fuentes;EcoTechSolutions;Bordeaux;Développement;Recherche et Prototype;Développeur;Hugo;Dimitrov;PA82475;TOSHIBA;11/04/1992;0557923820;0732309361
M.;Diego;Müller;UBIHard;Paris;Développement;Tests et qualité;Développeur;Hugo;Dimitrov;-;-;17/03/1994;0170585358;0684459459
M.;Luka;Zimmermann;UBIHard;Paris;Développement;Tests et qualité;Développeur;Hugo;Dimitrov;-;-;04/04/1989;0142354068;0792166463
Mme;Maria;Subramanian;UBIHard;Paris;Développement;Tests et qualité;Développeur;Hugo;Dimitrov;-;-;29/06/1993;0185390573;0769104463
M.;Nikos;Papadopoulos;UBIHard;Paris;Développement;Tests et qualité;Développeur;Hugo;Dimitrov;-;-;03/03/1992;0103205978;0752656608
M.;Noa;Ramos;UBIHard;Paris;Développement;Tests et qualité;Développeur;Hugo;Dimitrov;-;-;25/09/1979;0190401351;0670819442
Mme;Zara;Fernandez;UBIHard;Paris;Développement;Tests et qualité;Développeur;Hugo;Dimitrov;-;-;06/04/2002;0115149120;0761849173
M.;Hugo;Dimitrov;EcoTechSolutions;Bordeaux;Développement;;Directeur Développement;Emir;Rizzo;PA93655;TOSHIBA;28/03/1985;0534265628;0708540550
M.;Adel;Bakir;EcoTechSolutions;Bordeaux;Direction;;Directeur adjoint;Emir;Rizzo;PA75795;TOSHIBA;02/08/1995  ;0511787046;0627613053
M.;Amine;Levi;EcoTechSolutions;Bordeaux;Direction;;Assistant de direction;Adel;Bakir;PA75794;TOSHIBA;31/07/1986  ;0526973126;0677087041
Mme;Célia;Touati;EcoTechSolutions;Bordeaux;Direction;;Assistante de direction;Isadora;Ishikawa;PA75793;TOSHIBA;09/08/1983  ;0598295066;0730166786
M.;Emir;Rizzo;EcoTechSolutions;Bordeaux;Direction;;Directeur Général;-;;PA12959;TOSHIBA;09/05/1985  ;0521144761;0747209285
Mme;Isadora;Ishikawa;EcoTechSolutions;Bordeaux;Direction;;Responsable stratégie;Emir;Rizzo;PA75796;TOSHIBA;20/10/2001  ;0546287589;0796605753
M.;Leo;Tanaka;EcoTechSolutions;Bordeaux;Direction;;Assistant de direction;Emir;Rizzo;PA75792;TOSHIBA;12/12/1998  ;0558863498;0757121520
Mme;Elina;Öztürk;EcoTechSolutions;Bordeaux;Direction des Ressources Humaines;Administration du personnel;Gestionnaire RH;Soraya;Kimura;PA66767;HP;05/05/1995  ;0571932738;0704830876
M.;Hamza;Rahman;EcoTechSolutions;Bordeaux;Direction des Ressources Humaines;Administration du personnel;Gestionnaire RH;Soraya;Kimura;PA66770;HP;18/10/1992;0573127804;0657183793
Mme;Jana;Liu;EcoTechSolutions;Bordeaux;Direction des Ressources Humaines;Administration du personnel;Agent RH;Soraya;Kimura;PA31784;HP;31/10/1990  ;0573146845;0714509230
M.;Kai;Sato;EcoTechSolutions;Bordeaux;Direction des Ressources Humaines;Administration du personnel;Agent RH;Soraya;Kimura;PA66766;HP;10/05/1992  ;0542630364;0795438585
M.;Kaïs;Benzema;EcoTechSolutions;Bordeaux;Direction des Ressources Humaines;Administration du personnel;Gestionnaire RH;Soraya;Kimura;PA66768;HP;21/10/1992  ;0540844892;0677725372
M.;Karim;Farouk;EcoTechSolutions;Bordeaux;Direction des Ressources Humaines;Administration du personnel;Gestionnaire RH;Soraya;Kimura;PA66772;HP;16/12/1999;0573296069;0685096131
Mme;Leonie;Zhou;EcoTechSolutions;Bordeaux;Direction des Ressources Humaines;Administration du personnel;Agent RH;Soraya;Kimura;PA66775;HP;12/06/1985;0591787483;0716814826
Mme;Priya;Dobrev;EcoTechSolutions;Bordeaux;Direction des Ressources Humaines;Administration du personnel;Agent RH;Soraya;Kimura;PA66773;HP;28/02/1982;0550011176;0686104109
Mme;Soraya;Moreno;EcoTechSolutions;Bordeaux;Direction des Ressources Humaines;Administration du personnel;Gestionnaire RH;Soraya;Kimura;PA66769;HP;28/11/1986  ;0590371530;0648800103
M.;Zakaria;Ben Youssef;EcoTechSolutions;Bordeaux;Direction des Ressources Humaines;Administration du personnel;Agent RH;Soraya;Kimura;PA66774;HP;12/10/2001;0582915286;0678031519
M.;Adil;Abbassi;EcoTechSolutions;Bordeaux;Direction des Ressources Humaines;Formation;Formateur;Kais;Novak;PA66782;HP;24/12/1996;0575320119;0751539352
Mme;Chiara;Dupuis;EcoTechSolutions;Bordeaux;Direction des Ressources Humaines;Formation;Formateur;Kais;Novak;PA66780;HP;22/11/1982;0503588319;0765413509
M.;Houssem;Benali;EcoTechSolutions;Bordeaux;Direction des Ressources Humaines;Formation;Formateur;Kais;Novak;PA66781;HP;07/11/1986;0512799110;0707038865
Mme;Layla;Benzema;EcoTechSolutions;Bordeaux;Direction des Ressources Humaines;Formation;Formateur;Kais;Novak;PA66778;HP;03/12/1987;0556135451;0651152927
Mme;Samira;Popescu;EcoTechSolutions;Bordeaux;Direction des Ressources Humaines;Formation;Formateur;Kais;Novak;PA66783;HP;30/11/1992;0538625196;0691508249
M.;Tahar;Sow;EcoTechSolutions;Bordeaux;Direction des Ressources Humaines;Formation;Formateur;Kais;Novak;PA66779;HP;17/10/1994;0594001842;0759206365
Mme;Elina;Morales;EcoTechSolutions;Bordeaux;Direction des Ressources Humaines;Gestion des carrières;Gestionnaire RH;Soraya;Kimura;PA66785;HP;13/03/1998;0528666160;0708351179
M.;Nizar;Takeda;EcoTechSolutions;Bordeaux;Direction des Ressources Humaines;Gestion des carrières;Gestionnaire RH;Soraya;Kimura;PA66784;HP;15/08/2002;0516622163;0669972122
Mme;Anaya;Moretti;EcoTechSolutions;Bordeaux;Direction des Ressources Humaines;Recrutement;Agent RH;Soraya;Kimura;PA20620;HP;31/12/1990;0501077762;0732279654
M.;Malik;Belhadj;EcoTechSolutions;Bordeaux;Direction des Ressources Humaines;Recrutement;Agent RH;Soraya;Kimura;PA20619;HP;22/09/1995;0594297686;0621352100
Mme;Salma;Bianchi;EcoTechSolutions;Bordeaux;Direction des Ressources Humaines;Recrutement;Responsable recrutement;Soraya;Kimura;PA20618;HP;26/12/1980;0572612616;0739924357
M.;Kais;Novak;EcoTechSolutions;Bordeaux;Direction des Ressources Humaines;;Responsable formation;Rina;Nakamura;PA66777;HP;30/05/1984;0534680782;0771598712
Mme;Rina;Nakamura;EcoTechSolutions;Bordeaux;Direction des Ressources Humaines;;Directrice RH;Emir;Rizzo;PA66771;HP;29/05/1999;0556938175;0730315116
Mme;Soraya;Kimura;EcoTechSolutions;Bordeaux;Direction des Ressources Humaines;;Responsable du personnel;Rina;Nakamura;PA66776;HP;18/02/1999;0592787328;0625405176
M.;Farid;Ben Salah;EcoTechSolutions;Bordeaux;DSI;Exploitation;Technicien d'exploitation;Yara;Tsai;PA85786;DELL;28/06/1983;0516225557;0746775406
Mme;Greta;Petrov;EcoTechSolutions;Bordeaux;DSI;Exploitation;Technicien d'exploitation;Yara;Tsai;PA85789;DELL;25/02/1978;0531837319;0735316654
M.;Ismael;Lemoine;EcoTechSolutions;Bordeaux;DSI;Exploitation;Technicien d'exploitation;Yara;Tsai;PA85788;DELL;03/01/1994;0584729052;0631737551
Mme;Lucia;Morel;EcoTechSolutions;Bordeaux;DSI;Exploitation;Technicien d'exploitation;Yara;Tsai;PA85791;DELL;20/11/1989;0568154898;0788663439
M.;Marwan;Leclerc;EcoTechSolutions;Bordeaux;DSI;Exploitation;Technicien d'exploitation;Yara;Tsai;PA21577;DELL;23/06/2000;0568494478;0681633586
M.;Mateo;Zhang;EcoTechSolutions;Bordeaux;DSI;Exploitation;Technicien d'exploitation;Yara;Tsai;PA76820;DELL;11/05/2000;0546085050;0711400236
M.;Mohamed;Rahmani;EcoTechSolutions;Bordeaux;DSI;Exploitation;Technicien d'exploitation;Yara;Tsai;PA85790;DELL;04/04/1987;0560330839;0721435052
Mme;Yara;Tsai;EcoTechSolutions;Bordeaux;DSI;;Responsable SI;Emir;Rizzo;PA85785;DELL;20/04/1979;0535787382;0752825712
Mme;Yumi;Kobayashi;EcoTechSolutions;Bordeaux;DSI;Exploitation;Technicien d'exploitation;Yara;Tsai;PA85787;DELL;08/08/1980;0501455119;0793589664
Mme;Akiko;Fischer;EcoTechSolutions;Bordeaux;Finance et Comptabilité;Finance;Controleur de gestion;Liam;Rodriguez;PA68868;TOSHIBA;06/04/1995;0544775759;0699366267
M.;Alexis;Fischer;EcoTechSolutions;Bordeaux;Finance et Comptabilité;Finance;Controleur de gestion;Liam;Rodriguez;PA57512;HP;21/10/1988;0565445166;0601851451
Mme;Amara;Silva;EcoTechSolutions;Bordeaux;Finance et Comptabilité;Finance;Controleur de gestion;Liam;Rodriguez;PA12959;TOSHIBA;15/08/1994;0515426783;0704921208
M.;Bilal;Mendoza;EcoTechSolutions;Bordeaux;Finance et Comptabilité;Finance;Controleur de gestion;Liam;Rodriguez;PA68869;HP;07/07/1980;0522682861;0766790688
M.;Dario;Kim;EcoTechSolutions;Bordeaux;Finance et Comptabilité;Finance;Analyste financier;Liam;Rodriguez;PA34551;TOSHIBA;04/12/1997;0552308696;0623126253
M.;Mounir;Mohamed;EcoTechSolutions;Bordeaux;Finance et Comptabilité;Finance;Controleur de gestion;Liam;Rodriguez;PA68871;HP;07/02/1986;0513232544;0603358884
Mme;Nora;Abe;EcoTechSolutions;Bordeaux;Finance et Comptabilité;Finance;Analyste financier;Liam;Rodriguez;PA68870;TOSHIBA;11/05/1992;0542264569;0629515805
Mme;Chloé;Sato;EcoTechSolutions;Bordeaux;Finance et Comptabilité;Fiscalité;Controleur de gestion;Liam;Rodriguez;PA31321;DELL;24/05/1998;0582377361;0752459822
Mme;Elif;Andersen;EcoTechSolutions;Bordeaux;Finance et Comptabilité;Fiscalité;Conseiller en fiscalité;Liam;Rodriguez;PA31320;LENOVO;21/08/2001;0552752241;0689516690
Mme;Dahlia;Ivanov;EcoTechSolutions;Bordeaux;Finance et Comptabilité;Service Comptabilité;Comptable;Liam;Rodriguez;PA68449;HP;09/11/1994;0509385561;0692850242
M.;Iker;Yilmaz;EcoTechSolutions;Bordeaux;Finance et Comptabilité;Service Comptabilité;Comptable;Liam;Rodriguez;PA68447;LENOVO;25/09/1998;0591246045;0709020328
Mme;Mila;Pereira;EcoTechSolutions;Bordeaux;Finance et Comptabilité;Service Comptabilité;Comptable;Liam;Rodriguez;PA30790;HP;30/03/1978;0548040421;0732286675
M.;Rami;Velásquez;EcoTechSolutions;Bordeaux;Finance et Comptabilité;Service Comptabilité;Comptable;Liam;Rodriguez;PA68448;TOSHIBA;06/11/1988;0541979438;0659020328
Mme;Tara;Costa;EcoTechSolutions;Bordeaux;Finance et Comptabilité;Service Comptabilité;Comptable;Liam;Rodriguez;PA56314;DELL;13/06/1995;0539056813;0739772240
M.;Tariq;Karam;EcoTechSolutions;Bordeaux;Finance et Comptabilité;Service Comptabilité;Comptable;Liam;Rodriguez;PA68450;DELL;17/11/1989;0542877605;0752086648
M.;Liam;Rodriguez;EcoTechSolutions;Bordeaux;Finance et Comptabilité;;Directeur financier;Emir;Rizzo;PA68867;HP;27/08/1997;0550830661;0614139549
Mme;Aria;Ekström;EcoTechSolutions;Bordeaux;Service Commercial;ADV;Gestionnaire ADV;Amir;Gómez;PA46917;DELL;25/05/1998;0540987654;0739063477  
M.;David;Johansson;EcoTechSolutions;Bordeaux;Service Commercial;ADV;Gestionnaire ADV;Amir;Gómez;PA16353;DELL;23/03/2000;0512345678;0763236659  
M.;Marco;Nikoli?;EcoTechSolutions;Bordeaux;Service Commercial;ADV;Gestionnaire ADV;Amir;Gómez;PA37602;DELL;20/04/1983;0576543210;0606722898  
Mme;Tina;Demir;EcoTechSolutions;Bordeaux;Service Commercial;ADV;Gestionnaire ADV;Amir;Gómez;PA64810;DELL;01/07/1981;0587654321;0621673896  
Mme;Alba;Gonzalez;EcoTechSolutions;Bordeaux;Service Commercial;B2B;Commercial;Ayoub;Ochoa;PA90180;DELL;23/09/1994  ;0510208105;0724597846
Mme;Gita;Hassania;EcoTechSolutions;Bordeaux;Service Commercial;B2B;Commercial;Ayoub;Ochoa;PA82880;DELL;18/08/1991  ;0534567890;0655939808  
M.;Gôrreck;Khan;EcoTechSolutions;Bordeaux;Service Commercial;B2B;Commercial;Ayoub;Ochoa;PA90176;DELL;23/02/1987  ;0510987654;0799413599  
M.;Houssem;Carvalho;EcoTechSolutions;Bordeaux;Service Commercial;B2B;Commercial;Ayoub;Ochoa;PA90179;DELL;25/01/1985  ;0563881444;0634420250
M.;Idriss;Cherif;EcoTechSolutions;Bordeaux;Service Commercial;B2B;Commercial;Ayoub;Ochoa;PA90181;DELL;26/08/1988  ;0520113372;0629709697
Mme;Lina;Singh;EcoTechSolutions;Bordeaux;Service Commercial;B2B;Commercial;Ayoub;Ochoa;PA90178;DELL;30/03/1991  ;0594065083;0764670482
Mme;Nina;Schaefer;EcoTechSolutions;Bordeaux;Service Commercial;B2B;Commercial;Ayoub;Ochoa;PA12427;DELL;15/04/1992;0510987654;0662152312  
M.;Rami;Meier;EcoTechSolutions;Bordeaux;Service Commercial;B2B;Commercial;Ayoub;Ochoa;PA44614;DELL;14/12/1998;0510987654;0703432899  
M.;Sami;Al-Khalil;EcoTechSolutions;Bordeaux;Service Commercial;B2B;Commercial;Ayoub;Ochoa;PA90177;DELL;29/04/1999  ;0549018694;0730998954
Mme;Ariana;Vega;EcoTechSolutions;Bordeaux;Service Commercial;Gestion des comptes;Account Manager Monde;Ayoub;Ochoa;PA90188;DELL;29/04/1983;0524740243;0649047451
Mme;Chiara;Ramos;EcoTechSolutions;Bordeaux;Service Commercial;Gestion des comptes;Account Manager sud;Ayoub;Ochoa;PA90184;DELL;10/11/1993;0571105344;0668450637
M.;Fouad;Bensalem;EcoTechSolutions;Bordeaux;Service Commercial;Gestion des comptes;Account Manager Monde;Ayoub;Ochoa;PA90187;DELL;17/06/1995;0508916093;0609530569
Mme;Gisèle;Klein;EcoTechSolutions;Bordeaux;Service Commercial;Gestion des comptes;Account Manager IDF;Ayoub;Ochoa;PA90186;DELL;02/08/1995;0583375939;0637894461
M.;Jawad;Mekki;EcoTechSolutions;Bordeaux;Service Commercial;Gestion des comptes;Account Manager Ouest;Ayoub;Ochoa;PA90185;DELL;22/10/1993;0554680160;0742750565
Mme;Maya;Santiago;EcoTechSolutions;Bordeaux;Service Commercial;Gestion des comptes;Account Manager Monde;Ayoub;Ochoa;PA90190;DELL;09/02/1985;0556762501;0649958233
M.;Selim;Boukhalfa;EcoTechSolutions;Bordeaux;Service Commercial;Gestion des comptes;Account Manager Monde;Ayoub;Ochoa;PA90189;DELL;04/11/1989;0552256735;0614423881
Mme;Sofia;Lombardi;EcoTechSolutions;Bordeaux;Service Commercial;Gestion des comptes;Account Manager Nord;Ayoub;Ochoa;PA90182;DELL;12/05/1997;0561846179;0605815816
M.;Zakariya;Aït-Saïd;EcoTechSolutions;Bordeaux;Service Commercial;Gestion des comptes;Account Manager Est;Ayoub;Ochoa;PA90183;DELL;17/12/1995;0533423039;0705781575
Mme;Célia;Hamadi;EcoTechSolutions;Bordeaux;Service Commercial;Prospection;Commercial;Youssef;Berisha;PA90192;DELL;28/01/1995;0513678895;0705824555
Mme;Daria;Stefanovi?;EcoTechSolutions;Bordeaux;Service Commercial;Prospection;Commercial;Youssef;Berisha;PA90195;DELL;25/11/1986;0537148414;0726059828
Mme;Helena;Pereira;EcoTechSolutions;Bordeaux;Service Commercial;Prospection;Commercial;Youssef;Berisha;PA90197;DELL;26/03/1991;0525175566;0693330248
M.;Imran;Rashid;EcoTechSolutions;Bordeaux;Service Commercial;Prospection;Commercial;Youssef;Berisha;PA90196;DELL;17/09/1986;0514492400;0745970274
M.;Kais;Levi;EcoTechSolutions;Bordeaux;Service Commercial;Prospection;Commercial;Youssef;Berisha;PA90193;DELL;20/10/2000;0512674108;0673103843
Mme;Marina;Martinez;EcoTechSolutions;Bordeaux;Service Commercial;Prospection;Commercial;Youssef;Berisha;PA90201;DELL;28/02/2002;0588754164;0618221826
M.;Nabil;Touil;EcoTechSolutions;Bordeaux;Service Commercial;Prospection;Commercial;Youssef;Berisha;PA90198;DELL;18/01/1986;0515833125;0624943897
Mme;Olga;Dimitrova;EcoTechSolutions;Bordeaux;Service Commercial;Prospection;Commercial;Youssef;Berisha;PA90199;DELL;03/03/2002;0539874714;0721677265
Mme;Sana;Rahman;EcoTechSolutions;Bordeaux;Service Commercial;Prospection;Commercial;Youssef;Berisha;PA90191;DELL;25/10/1983;0582805437;0685015790
M.;Sofiane;Jaziri;EcoTechSolutions;Bordeaux;Service Commercial;Prospection;Commercial;Youssef;Berisha;PA90200;DELL;29/12/1991;0516613916;0620852808
M.;Wassim;Qureshi;EcoTechSolutions;Bordeaux;Service Commercial;Prospection;Commercial;Youssef;Berisha;PA90194;DELL;03/11/1997;0580240361;0725285124
Mme;Aya;Orozco;EcoTechSolutions;Bordeaux;Service Commercial;Service achat;Acheteur;Enzo;Morin;PA59874;DELL;05/04/1991;0585851944;0727746321
M.;Daan;Varela;EcoTechSolutions;Bordeaux;Service Commercial;Service achat;Acheteur;Enzo;Morin;PA16013;DELL;25/12/1985;0543934837;0797741075
Mme;Sasha;Kumar;EcoTechSolutions;Bordeaux;Service Commercial;Service Client;Agent;Enzo;Morin;PA79817;DELL;24/08/1983;0552451804;0628125914
M.;Val;Hernandez;EcoTechSolutions;Bordeaux;Service Commercial;Service Client;Agent;Enzo;Morin;PA39395;DELL;21/03/1994;0533085107;0747298724
M.;Amir;Gómez;EcoTechSolutions;Bordeaux;Service Commercial;;Responsable ADV;Lana;Wong;PA16564;DELL;21/07/1980;0512345678;0697336293  
M.;Ayoub;Ochoa;EcoTechSolutions;Bordeaux;Service Commercial;;Responsable commercial;Lana;Wong;PA79819;DELL;16/11/1999;0551977067;0768264631
M.;Enzo;Morin;EcoTechSolutions;Bordeaux;Service Commercial;;Responsable achat;Lana;Wong;PA19149;DELL;15/01/1996;0503707487;0697789045
Mme;Lana;Wong;EcoTechSolutions;Bordeaux;Service Commercial;;Directeur commercial;Emir;Rizzo;PA90233;TOSHIBA;09/01/1993;0586585331;0782262143
M.;Youssef;Berisha;EcoTechSolutions;Bordeaux;Service Commercial;;Responsable Prospection;Lana;Wong;PA79818;DELL;05/07/1980;0550972202;0606969819
;;;;;;;;;;;;;;
;;;;;;;;;;;;;;
;;;;;;;;;;;;;;
;;;;;;;;;;;;;;
;;;;;;;;;;;;;;
;;;;;;;;;;;;;;
;;;;;;;;;;;;;;
;;;;;;;;;;;;;;
;;;;;;;;;;;;;;
;;;;;;;;;;;;;;
;;;;;;;;;;;;;;
;;;;;;;;;;;;;;
;;;;;;;;;;;;;;
;;;;;;;;;;;;;;
;;;;;;;;;;;;;;
;;;;;;;;;;;;;;
;;;;;;;;;;;;;;
;;;;;;;;;;;;;;
;;;;;;;;;;;;;;
;;;;;;;;;;;;;;
;;;;;;;;;;;;;;
;;;;;;;;;;;;;;
;;;;;;;;;;;;;;
;;;;;;;;;;;;;;
;;;;;;;;;;;;;;
;;;;;;;;;;;;;;
;;;;;;;;;;;;;;
;;;;;;;;;;;;;;
;;;;;;;;;;;;;;
;;;;;;;;;;;;;;
;;;;;;;;;;;;;;
;;;;;;;;;;;;;;
;;;;;;;;;;;;;;
;;;;;;;;;;;;;;
;;;;;;;;;;;;;;
;;;;;;;;;;;;;;
;;;;;;;;;;;;;;
;;;;;;;;;;;;;;
;;;;;;;;;;;;;;
;;;;;;;;;;;;;;
;;;;;;;;;;;;;;
;;;;;;;;;;;;;;
;;;;;;;;;;;;;;
;;;;;;;;;;;;;;
;;;;;;;;;;;;;;
;;;;;;;;;;;;;;
;;;;;;;;;;;;;;
;;;;;;;;;;;;;;
;;;;;;;;;;;;;;
;;;;;;;;;;;;;;
;;;;;;;;;;;;;;
;;;;;;;;;;;;;;
;;;;;;;;;;;;;;
;;;;;;;;;;;;;;
;;;;;;;;;;;;;;
;;;;;;;;;;;;;;
;;;;;;;;;;;;;;
;;;;;;;;;;;;;;
;;;;;;;;;;;;;;
;;;;;;;;;;;;;;
;;;;;;;;;;;;;;
;;;;;;;;;;;;;;
;;;;;;;;;;;;;;
;;;;;;;;;;;;;;
;;;;;;;;;;;;;;
;;;;;;;;;;;;;;
;;;;;;;;;;;;;;
;;;;;;;;;;;;;;
;;;;;;;;;;;;;;
;;;;;;;;;;;;;;
;;;;;;;;;;;;;;
;;;;;;;;;;;;;;
;;;;;;;;;;;;;;
;;;;;;;;;;;;;;
;;;;;;;;;;;;;;
;;;;;;;;;;;;;;
;;;;;;;;;;;;;;
;;;;;;;;;;;;;;
;;;;;;;;;;;;;;
;;;;;;;;;;;;;;
;;;;;;;;;;;;;;
;;;;;;;;;;;;;;
;;;;;;;;;;;;;;
;;;;;;;;;;;;;;
;;;;;;;;;;;;;;
;;;;;;;;;;;;;;
;;;;;;;;;;;;;;
;;;;;;;;;;;;;;
;;;;;;;;;;;;;;
;;;;;;;;;;;;;;
;;;;;;;;;;;;;;
;;;;;;;;;;;;;;
;;;;;;;;;;;;;;
;;;;;;;;;;;;;;
;;;;;;;;;;;;;;
;;;;;;;;;;;;;;
;;;;;;;;;;;;;;
;;;;;;;;;;;;;;
;;;;;;;;;;;;;;
;;;;;;;;;;;;;;
;;;;;;;;;;;;;;
;;;;;;;;;;;;;;
;;;;;;;;;;;;;;
;;;;;;;;;;;;;;
;;;;;;;;;;;;;;
;;;;;;;;;;;;;;
;;;;;;;;;;;;;;
;;;;;;;;;;;;;;
;;;;;;;;;;;;;;
;;;;;;;;;;;;;;
;;;;;;;;;;;;;;
;;;;;;;;;;;;;;
;;;;;;;;;;;;;;
;;;;;;;;;;;;;;
;;;;;;;;;;;;;;
;;;;;;;;;;;;;;
;;;;;;;;;;;;;;
;;;;;;;;;;;;;;
;;;;;;;;;;;;;;
;;;;;;;;;;;;;;
;;;;;;;;;;;;;;
;;;;;;;;;;;;;;
;;;;;;;;;;;;;;
;;;;;;;;;;;;;;
;;;;;;;;;;;;;;
;;;;;;;;;;;;;;
;;;;;;;;;;;;;;
;;;;;;;;;;;;;;
;;;;;;;;;;;;;;
;;;;;;;;;;;;;;
;;;;;;;;;;;;;;
;;;;;;;;;;;;;;
;;;;;;;;;;;;;;
;;;;;;;;;;;;;;
;;;;;;;;;;;;;;
;;;;;;;;;;;;;;
;;;;;;;;;;;;;;
;;;;;;;;;;;;;;
;;;;;;;;;;;;;;
;;;;;;;;;;;;;;
;;;;;;;;;;;;;;
;;;;;;;;;;;;;;
;;;;;;;;;;;;;;
;;;;;;;;;;;;;;
;;;;;;;;;;;;;;
;;;;;;;;;;;;;;
;;;;;;;;;;;;;;
;;;;;;;;;;;;;;
;;;;;;;;;;;;;;
;;;;;;;;;;;;;;
;;;;;;;;;;;;;;
;;;;;;;;;;;;;;
;;;;;;;;;;;;;;
;;;;;;;;;;;;;;
;;;;;;;;;;;;;;
;;;;;;;;;;;;;;
;;;;;;;;;;;;;;
;;;;;;;;;;;;;;
;;;;;;;;;;;;;;
;;;;;;;;;;;;;;
;;;;;;;;;;;;;;
;;;;;;;;;;;;;;
;;;;;;;;;;;;;;
;;;;;;;;;;;;;;
;;;;;;;;;;;;;;
;;;;;;;;;;;;;;
;;;;;;;;;;;;;;
;;;;;;;;;;;;;;
;;;;;;;;;;;;;;
;;;;;;;;;;;;;;
;;;;;;;;;;;;;;
;;;;;;;;;;;;;;
;;;;;;;;;;;;;;
;;;;;;;;;;;;;;
;;;;;;;;;;;;;;
;;;;;;;;;;;;;;
;;;;;;;;;;;;;;
;;;;;;;;;;;;;;
;;;;;;;;;;;;;;
;;;;;;;;;;;;;;
;;;;;;;;;;;;;;
;;;;;;;;;;;;;;
;;;;;;;;;;;;;;
;;;;;;;;;;;;;;
;;;;;;;;;;;;;;
;;;;;;;;;;;;;;
;;;;;;;;;;;;;;
;;;;;;;;;;;;;;
;;;;;;;;;;;;;;
;;;;;;;;;;;;;;
;;;;;;;;;;;;;;
;;;;;;;;;;;;;;
;;;;;;;;;;;;;;
;;;;;;;;;;;;;;
;;;;;;;;;;;;;;
;;;;;;;;;;;;;;
;;;;;;;;;;;;;;
;;;;;;;;;;;;;;
;;;;;;;;;;;;;;
;;;;;;;;;;;;;;
;;;;;;;;;;;;;;
;;;;;;;;;;;;;;
;;;;;;;;;;;;;;
;;;;;;;;;;;;;;
;;;;;;;;;;;;;;
;;;;;;;;;;;;;;
;;;;;;;;;;;;;;
;;;;;;;;;;;;;;
;;;;;;;;;;;;;;
;;;;;;;;;;;;;;
;;;;;;;;;;;;;;
;;;;;;;;;;;;;;
;;;;;;;;;;;;;;
;;;;;;;;;;;;;;
;;;;;;;;;;;;;;
;;;;;;;;;;;;;;
;;;;;;;;;;;;;;
;;;;;;;;;;;;;;
;;;;;;;;;;;;;;
;;;;;;;;;;;;;;
;;;;;;;;;;;;;;
;;;;;;;;;;;;;;
;;;;;;;;;;;;;;
;;;;;;;;;;;;;;
;;;;;;;;;;;;;;
;;;;;;;;;;;;;;
;;;;;;;;;;;;;;
;;;;;;;;;;;;;;
;;;;;;;;;;;;;;
;;;;;;;;;;;;;;
;;;;;;;;;;;;;;
;;;;;;;;;;;;;;
;;;;;;;;;;;;;;
;;;;;;;;;;;;;;
;;;;;;;;;;;;;;
;;;;;;;;;;;;;;
;;;;;;;;;;;;;;
;;;;;;;;;;;;;;
;;;;;;;;;;;;;;
;;;;;;;;;;;;;;
;;;;;;;;;;;;;;
;;;;;;;;;;;;;;
;;;;;;;;;;;;;;
;;;;;;;;;;;;;;
;;;;;;;;;;;;;;
;;;;;;;;;;;;;;
;;;;;;;;;;;;;;
;;;;;;;;;;;;;;
;;;;;;;;;;;;;;
;;;;;;;;;;;;;;
;;;;;;;;;;;;;;
;;;;;;;;;;;;;;
;;;;;;;;;;;;;;
;;;;;;;;;;;;;;
;;;;;;;;;;;;;;
;;;;;;;;;;;;;;
;;;;;;;;;;;;;;
;;;;;;;;;;;;;;
;;;;;;;;;;;;;;
;;;;;;;;;;;;;;
;;;;;;;;;;;;;;
;;;;;;;;;;;;;;
;;;;;;;;;;;;;;
;;;;;;;;;;;;;;
;;;;;;;;;;;;;;
;;;;;;;;;;;;;;
;;;;;;;;;;;;;;
;;;;;;;;;;;;;;
;;;;;;;;;;;;;;
;;;;;;;;;;;;;;
;;;;;;;;;;;;;;
;;;;;;;;;;;;;;
;;;;;;;;;;;;;;
;;;;;;;;;;;;;;
;;;;;;;;;;;;;;
;;;;;;;;;;;;;;
;;;;;;;;;;;;;;
;;;;;;;;;;;;;;
;;;;;;;;;;;;;;
;;;;;;;;;;;;;;
;;;;;;;;;;;;;;
;;;;;;;;;;;;;;
;;;;;;;;;;;;;;
;;;;;;;;;;;;;;
;;;;;;;;;;;;;;
;;;;;;;;;;;;;;
;;;;;;;;;;;;;;
;;;;;;;;;;;;;;
;;;;;;;;;;;;;;
;;;;;;;;;;;;;;
;;;;;;;;;;;;;;
;;;;;;;;;;;;;;
;;;;;;;;;;;;;;
;;;;;;;;;;;;;;
;;;;;;;;;;;;;;
;;;;;;;;;;;;;;
;;;;;;;;;;;;;;
;;;;;;;;;;;;;;
;;;;;;;;;;;;;;
;;;;;;;;;;;;;;
;;;;;;;;;;;;;;
;;;;;;;;;;;;;;
;;;;;;;;;;;;;;
;;;;;;;;;;;;;;
;;;;;;;;;;;;;;
;;;;;;;;;;;;;;
;;;;;;;;;;;;;;
;;;;;;;;;;;;;;
;;;;;;;;;;;;;;
;;;;;;;;;;;;;;
;;;;;;;;;;;;;;
;;;;;;;;;;;;;;
;;;;;;;;;;;;;;
;;;;;;;;;;;;;;
;;;;;;;;;;;;;;
;;;;;;;;;;;;;;
;;;;;;;;;;;;;;
;;;;;;;;;;;;;;
;;;;;;;;;;;;;;
;;;;;;;;;;;;;;
;;;;;;;;;;;;;;
;;;;;;;;;;;;;;
;;;;;;;;;;;;;;
;;;;;;;;;;;;;;
;;;;;;;;;;;;;;
;;;;;;;;;;;;;;
;;;;;;;;;;;;;;
;;;;;;;;;;;;;;
;;;;;;;;;;;;;;
;;;;;;;;;;;;;;
;;;;;;;;;;;;;;
;;;;;;;;;;;;;;
;;;;;;;;;;;;;;
;;;;;;;;;;;;;;
;;;;;;;;;;;;;;
;;;;;;;;;;;;;;
;;;;;;;;;;;;;;
;;;;;;;;;;;;;;
;;;;;;;;;;;;;;
;;;;;;;;;;;;;;
;;;;;;;;;;;;;;
;;;;;;;;;;;;;;
;;;;;;;;;;;;;;
;;;;;;;;;;;;;;
;;;;;;;;;;;;;;
;;;;;;;;;;;;;;
;;;;;;;;;;;;;;
;;;;;;;;;;;;;;
;;;;;;;;;;;;;;
;;;;;;;;;;;;;;
;;;;;;;;;;;;;;
;;;;;;;;;;;;;;
;;;;;;;;;;;;;;
;;;;;;;;;;;;;;
;;;;;;;;;;;;;;
;;;;;;;;;;;;;;
;;;;;;;;;;;;;;
;;;;;;;;;;;;;;
;;;;;;;;;;;;;;
;;;;;;;;;;;;;;
;;;;;;;;;;;;;;
;;;;;;;;;;;;;;
;;;;;;;;;;;;;;
;;;;;;;;;;;;;;
;;;;;;;;;;;;;;
;;;;;;;;;;;;;;
;;;;;;;;;;;;;;
;;;;;;;;;;;;;;
;;;;;;;;;;;;;;
;;;;;;;;;;;;;;
;;;;;;;;;;;;;;
;;;;;;;;;;;;;;
;;;;;;;;;;;;;;
;;;;;;;;;;;;;;
;;;;;;;;;;;;;;
;;;;;;;;;;;;;;
;;;;;;;;;;;;;;
;;;;;;;;;;;;;;
;;;;;;;;;;;;;;
;;;;;;;;;;;;;;
;;;;;;;;;;;;;;
;;;;;;;;;;;;;;
;;;;;;;;;;;;;;
;;;;;;;;;;;;;;
;;;;;;;;;;;;;;
;;;;;;;;;;;;;;
;;;;;;;;;;;;;;
;;;;;;;;;;;;;;
;;;;;;;;;;;;;;
;;;;;;;;;;;;;;
;;;;;;;;;;;;;;
;;;;;;;;;;;;;;
;;;;;;;;;;;;;;
;;;;;;;;;;;;;;
;;;;;;;;;;;;;;
;;;;;;;;;;;;;;
;;;;;;;;;;;;;;
;;;;;;;;;;;;;;
;;;;;;;;;;;;;;
;;;;;;;;;;;;;;
;;;;;;;;;;;;;;
;;;;;;;;;;;;;;
;;;;;;;;;;;;;;
;;;;;;;;;;;;;;
;;;;;;;;;;;;;;
;;;;;;;;;;;;;;
;;;;;;;;;;;;;;
;;;;;;;;;;;;;;
;;;;;;;;;;;;;;
;;;;;;;;;;;;;;
;;;;;;;;;;;;;;
;;;;;;;;;;;;;;
;;;;;;;;;;;;;;
;;;;;;;;;;;;;;
;;;;;;;;;;;;;;
;;;;;;;;;;;;;;
;;;;;;;;;;;;;;
;;;;;;;;;;;;;;
;;;;;;;;;;;;;;
;;;;;;;;;;;;;;
;;;;;;;;;;;;;;
;;;;;;;;;;;;;;
;;;;;;;;;;;;;;
;;;;;;;;;;;;;;
;;;;;;;;;;;;;;
;;;;;;;;;;;;;;
;;;;;;;;;;;;;;
;;;;;;;;;;;;;;
;;;;;;;;;;;;;;
;;;;;;;;;;;;;;
;;;;;;;;;;;;;;
;;;;;;;;;;;;;;
;;;;;;;;;;;;;;
;;;;;;;;;;;;;;
;;;;;;;;;;;;;;
;;;;;;;;;;;;;;
;;;;;;;;;;;;;;
;;;;;;;;;;;;;;
;;;;;;;;;;;;;;
;;;;;;;;;;;;;;
;;;;;;;;;;;;;;
;;;;;;;;;;;;;;
;;;;;;;;;;;;;;
;;;;;;;;;;;;;;
;;;;;;;;;;;;;;
;;;;;;;;;;;;;;
;;;;;;;;;;;;;;
;;;;;;;;;;;;;;
;;;;;;;;;;;;;;
;;;;;;;;;;;;;;
;;;;;;;;;;;;;;
;;;;;;;;;;;;;;
;;;;;;;;;;;;;;
;;;;;;;;;;;;;;
;;;;;;;;;;;;;;
;;;;;;;;;;;;;;
;;;;;;;;;;;;;;
;;;;;;;;;;;;;;
;;;;;;;;;;;;;;
;;;;;;;;;;;;;;
;;;;;;;;;;;;;;
;;;;;;;;;;;;;;
;;;;;;;;;;;;;;
;;;;;;;;;;;;;;
;;;;;;;;;;;;;;
;;;;;;;;;;;;;;
;;;;;;;;;;;;;;
;;;;;;;;;;;;;;
;;;;;;;;;;;;;;
;;;;;;;;;;;;;;
;;;;;;;;;;;;;;
;;;;;;;;;;;;;;
;;;;;;;;;;;;;;
;;;;;;;;;;;;;;
;;;;;;;;;;;;;;
;;;;;;;;;;;;;;
;;;;;;;;;;;;;;
;;;;;;;;;;;;;;
;;;;;;;;;;;;;;
;;;;;;;;;;;;;;
;;;;;;;;;;;;;;
;;;;;;;;;;;;;;
;;;;;;;;;;;;;;
;;;;;;;;;;;;;;
;;;;;;;;;;;;;;
;;;;;;;;;;;;;;
;;;;;;;;;;;;;;
;;;;;;;;;;;;;;
;;;;;;;;;;;;;;
;;;;;;;;;;;;;;
;;;;;;;;;;;;;;
;;;;;;;;;;;;;;
;;;;;;;;;;;;;;
;;;;;;;;;;;;;;
;;;;;;;;;;;;;;
;;;;;;;;;;;;;;
;;;;;;;;;;;;;;
;;;;;;;;;;;;;;
;;;;;;;;;;;;;;
;;;;;;;;;;;;;;
;;;;;;;;;;;;;;
;;;;;;;;;;;;;;
;;;;;;;;;;;;;;
;;;;;;;;;;;;;;
;;;;;;;;;;;;;;
;;;;;;;;;;;;;;
;;;;;;;;;;;;;;
;;;;;;;;;;;;;;
;;;;;;;;;;;;;;
;;;;;;;;;;;;;;
;;;;;;;;;;;;;;
;;;;;;;;;;;;;;
;;;;;;;;;;;;;;
;;;;;;;;;;;;;;
;;;;;;;;;;;;;;
;;;;;;;;;;;;;;
;;;;;;;;;;;;;;
;;;;;;;;;;;;;;
;;;;;;;;;;;;;;
;;;;;;;;;;;;;;
;;;;;;;;;;;;;;
;;;;;;;;;;;;;;
;;;;;;;;;;;;;;
;;;;;;;;;;;;;;
;;;;;;;;;;;;;;
;;;;;;;;;;;;;;
;;;;;;;;;;;;;;
;;;;;;;;;;;;;;
;;;;;;;;;;;;;;
;;;;;;;;;;;;;;
;;;;;;;;;;;;;;
;;;;;;;;;;;;;;
;;;;;;;;;;;;;;
;;;;;;;;;;;;;;
;;;;;;;;;;;;;;
;;;;;;;;;;;;;;
;;;;;;;;;;;;;;
;;;;;;;;;;;;;;
;;;;;;;;;;;;;;
;;;;;;;;;;;;;;
;;;;;;;;;;;;;;
;;;;;;;;;;;;;;
;;;;;;;;;;;;;;
;;;;;;;;;;;;;;
;;;;;;;;;;;;;;
;;;;;;;;;;;;;;
;;;;;;;;;;;;;;
;;;;;;;;;;;;;;
;;;;;;;;;;;;;;
;;;;;;;;;;;;;;
;;;;;;;;;;;;;;
;;;;;;;;;;;;;;
;;;;;;;;;;;;;;
;;;;;;;;;;;;;;
;;;;;;;;;;;;;;
;;;;;;;;;;;;;;
;;;;;;;;;;;;;;
;;;;;;;;;;;;;;
;;;;;;;;;;;;;;
;;;;;;;;;;;;;;
;;;;;;;;;;;;;;
;;;;;;;;;;;;;;
;;;;;;;;;;;;;;
;;;;;;;;;;;;;;
;;;;;;;;;;;;;;
;;;;;;;;;;;;;;
;;;;;;;;;;;;;;
;;;;;;;;;;;;;;
;;;;;;;;;;;;;;
;;;;;;;;;;;;;;
;;;;;;;;;;;;;;
;;;;;;;;;;;;;;
;;;;;;;;;;;;;;
;;;;;;;;;;;;;;
;;;;;;;;;;;;;;
;;;;;;;;;;;;;;
;;;;;;;;;;;;;;
;;;;;;;;;;;;;;
;;;;;;;;;;;;;;
;;;;;;;;;;;;;;
;;;;;;;;;;;;;;
;;;;;;;;;;;;;;
;;;;;;;;;;;;;;
;;;;;;;;;;;;;;
;;;;;;;;;;;;;;
;;;;;;;;;;;;;;
;;;;;;;;;;;;;;
;;;;;;;;;;;;;;
;;;;;;;;;;;;;;
;;;;;;;;;;;;;;
;;;;;;;;;;;;;;
;;;;;;;;;;;;;;
;;;;;;;;;;;;;;
;;;;;;;;;;;;;;
;;;;;;;;;;;;;;
;;;;;;;;;;;;;;
;;;;;;;;;;;;;;
;;;;;;;;;;;;;;
;;;;;;;;;;;;;;
;;;;;;;;;;;;;;
;;;;;;;;;;;;;;
;;;;;;;;;;;;;;
;;;;;;;;;;;;;;
;;;;;;;;;;;;;;
;;;;;;;;;;;;;;
;;;;;;;;;;;;;;
;;;;;;;;;;;;;;
;;;;;;;;;;;;;;
;;;;;;;;;;;;;;
;;;;;;;;;;;;;;
;;;;;;;;;;;;;;
;;;;;;;;;;;;;;
;;;;;;;;;;;;;;
;;;;;;;;;;;;;;
;;;;;;;;;;;;;;
;;;;;;;;;;;;;;
;;;;;;;;;;;;;;
;;;;;;;;;;;;;;
;;;;;;;;;;;;;;
;;;;;;;;;;;;;;
;;;;;;;;;;;;;;
;;;;;;;;;;;;;;
;;;;;;;;;;;;;;
;;;;;;;;;;;;;;
;;;;;;;;;;;;;;
;;;;;;;;;;;;;;
;;;;;;;;;;;;;;
;;;;;;;;;;;;;;
;;;;;;;;;;;;;;
;;;;;;;;;;;;;;
;;;;;;;;;;;;;;
;;;;;;;;;;;;;;
;;;;;;;;;;;;;;
;;;;;;;;;;;;;;
;;;;;;;;;;;;;;
;;;;;;;;;;;;;;
;;;;;;;;;;;;;;
;;;;;;;;;;;;;;
;;;;;;;;;;;;;;
;;;;;;;;;;;;;;
;;;;;;;;;;;;;;
;;;;;;;;;;;;;;
;;;;;;;;;;;;;;
;;;;;;;;;;;;;;
;;;;;;;;;;;;;;
;;;;;;;;;;;;;;
;;;;;;;;;;;;;;
;;;;;;;;;;;;;;
;;;;;;;;;;;;;;
;;;;;;;;;;;;;;
;;;;;;;;;;;;;;
;;;;;;;;;;;;;;
;;;;;;;;;;;;;;
;;;;;;;;;;;;;;
;;;;;;;;;;;;;;
;;;;;;;;;;;;;;
;;;;;;;;;;;;;;
;;;;;;;;;;;;;;
;;;;;;;;;;;;;;
;;;;;;;;;;;;;;
;;;;;;;;;;;;;;
;;;;;;;;;;;;;;
;;;;;;;;;;;;;;
;;;;;;;;;;;;;;
;;;;;;;;;;;;;;
;;;;;;;;;;;;;;
;;;;;;;;;;;;;;
